,tweetID,tweetText,tweetRetweetCt,tweetFavoriteCt,tweetSource,tweetCreated,userID,userScreen,userName,userCreateDt,userDesc,userFollowerCt,userFriendsCt,userLocation,userTimezone
0,1152464869792202753,#Thala #3rdsingle will be out today at 6 PM thee maugham dhan....#kingmaker on our way Waiting for Aug 8 https://t.co/DE36IXwx6n,0,4,Twitter for Android,2019-07-20 06:26:51,833172351965609985,sanuram23,Sanuram AK,2017-02-19 04:32:23,Netaccess india pvt ltd(murugappa group) Chennai,45,210,"Karaikkudi, India",
1,1152459447005896704,"RT @joemichaeljohn: #TheeMugamDhaan from #Thala's #NerKondaPaarvai 
#3rdSingle https://t.co/5L2fW30th8",5,0,Twitter for Android,2019-07-20 06:05:18,540884301,Prabhudasaratha,Ajith Aggressive Force,2012-03-30 13:01:21,Prabhudasarathan,474,327,"Sivakasi, India",
2,1152457386176606208,"RT @joemichaeljohn: #TheeMugamDhaan from #Thala's #NerKondaPaarvai 
#3rdSingle https://t.co/5L2fW30th8",5,0,Twitter for Android,2019-07-20 05:57:07,1121031278566854656,STRtamil11,STR tamil AK,2019-04-24 12:40:59,998877,401,1377,,
3,1152457371928518656,"RT @joemichaeljohn: #TheeMugamDhaan from #Thala's #NerKondaPaarvai 
#3rdSingle https://t.co/5L2fW30th8",5,0,Twitter for Android,2019-07-20 05:57:03,1101074271822962693,BILLYBOYRS,‡Æ§‡Æ≤ ‡Æµ‡ØÜ‡Æ±‡Æø‡ÆØ‡Æ©‡Øç RS,2019-02-28 10:58:58,"THALA veriyan & arun vj fan...üòéüëëüí™üî•,
i'm biggest bike lover...üòéüèÅüî•",163,41,Nagercoil,
4,1152457188113149952,"#TheeMugamDhaan from #Thala's #NerKondaPaarvai 
#3rdSingle https://t.co/5L2fW30th8",5,1,Twitter for Android,2019-07-20 05:56:19,1575639270,joemichaeljohn,Mr.John AE,2013-07-07 17:34:27,Its me Mr.John....üòéGod is my director... üñéüé∏üì∑üé¨üé∏ All ovr d wrld is my stage üåçüåéüåè‚õ™,309,3893,Tirunelveli,
5,1151902017838694402,"RT @PurpleshoesBand: LIHIM - PURPLESHOES 3rd Single
Available in all Digital Stores Worldwide
Published by: Curve Entertainment Inc.

Strea‚Ä¶",1,0,Twitter for Android,2019-07-18 17:10:17,901965940660637697,den_gitarista,Denmark Pe√±a Bartolo,2017-08-28 00:33:32,"‚Ä¢Curve Entertainment Recording Artist
‚Ä¢Songwriter/Lead Guitarist of PURPLESHOES
‚Ä¢LIHIM - Purpleshoes (3rd Single)
Stream it on SPOTIFY",3,21,"Paniqui, Central Luzon",
6,1151896893359656960,"LIHIM - PURPLESHOES 3rd Single
Available in all Digital Stores Worldwide
Published by: Curve Entertainment Inc.

St‚Ä¶ https://t.co/ylim8HL8tB",1,3,Twitter for Android,2019-07-18 16:49:55,1023777213571719168,PurpleshoesBand,Purpleshoes,2018-07-30 03:48:03,"‚Ä¢Curve Entertainment Recording Artist
‚Ä¢Alternative Rock Band üáµüá≠
‚Ä¢LIHIM - Purpleshoes (3rd Single)
Stream it on SPOTIFY",14,21,"Tarlac City, Central Luzon",
7,1149692756702433280,"This 19th break all the barriers and don‚Äôt care about what people think. 
#youaretheone 
Dropping 19th July | 9 am‚Ä¶ https://t.co/Hc5IetoSWK",0,0,Twitter for iPhone,2019-07-12 14:51:28,375517340,raevalentinee,Rae Valentine,2011-09-18 08:20:38,‚ÄòFRIENDS‚Äô out now!!! link below üëáüèª,514,105,"India,Mumbai",
8,1149528640943640583,"1 Week To Go

LIHIM - Purpleshoes
Digital Release | 07. 19. 19

#3RDSingle #Lihim #Purpleshoes‚Ä¶ https://t.co/HLqL3iW9O1",0,1,Twitter for Android,2019-07-12 03:59:19,1023777213571719168,PurpleshoesBand,Purpleshoes,2018-07-30 03:48:03,"‚Ä¢Curve Entertainment Recording Artist
‚Ä¢Alternative Rock Band üáµüá≠
‚Ä¢LIHIM - Purpleshoes (3rd Single)
Stream it on SPOTIFY",14,21,"Tarlac City, Central Luzon",
9,1152482632061468672,RT @BizAsia: Rumours resurface of #RanbirKapoor &amp; #DeepikaPadukone reuniting for #LuvRanjan's next: https://t.co/JiTLSOfdJa,3,0,Twitter for Android,2019-07-20 07:37:26,4897011693,Shivika_n,‚ô°,2016-02-11 06:26:31,,93,54,,
10,1152482599496867842,"RT @kamaalrkhan: Ranbir Kapoor became super star after #YeJawaniHaiDiwani, then he did some crap films to become Zero. Again he became supe‚Ä¶",34,0,Twitter for Android,2019-07-20 07:37:18,1067627490938544129,IBeingpratik1_,üáÆüá≥,2018-11-28 03:53:24,,1024,328,,
11,1152481847374299136,"RT @kamaalrkhan: Ranbir Kapoor became super star after #YeJawaniHaiDiwani, then he did some crap films to become Zero. Again he became supe‚Ä¶",34,0,Twitter for Android,2019-07-20 07:34:19,1103689004615122944,unapologeticRVS,unapologeticCOMRADEüëä,2019-03-07 16:08:59,welcome to the world üåç of Ranveer singh and Vijay Deverakonda üëäüíï,95,129,,
12,1152481564988604417,"RT @kamaalrkhan: Ranbir Kapoor became super star after #YeJawaniHaiDiwani, then he did some crap films to become Zero. Again he became supe‚Ä¶",34,0,Twitter for Android,2019-07-20 07:33:11,722888284024762368,kaamkhan94,Kaim khan,2016-04-20 20:42:52,"i m Proud Muslim.I luv my religion,Nation,nature & Animals.I m talented,strong,actor,artist & very aggressive also coz i belong2 Indian Police&Army'sBackground",118,66,,
13,1152480787482193920,RT @BizAsia: Rumours resurface of #RanbirKapoor &amp; #DeepikaPadukone reuniting for #LuvRanjan's next: https://t.co/JiTLSOfdJa,3,0,Echofon,2019-07-20 07:30:06,44625871,RajBaddhan,Raj Baddhan,2009-06-04 14:22:16,"UK media professional. Founder of media & showbiz website @BizAsia Director at @SabrasRadio & award-winning presenter, journalist & TV & radio VO artist",53930,1285,London,
14,1152480558334631936,"RT @kamaalrkhan: 2nd Madhur Bhandarkar, sex film maker #LuvRanjan has made all his films on one single subject. Even his assistant made fil‚Ä¶",14,0,Twitter for Android,2019-07-20 07:29:11,722888284024762368,kaamkhan94,Kaim khan,2016-04-20 20:42:52,"i m Proud Muslim.I luv my religion,Nation,nature & Animals.I m talented,strong,actor,artist & very aggressive also coz i belong2 Indian Police&Army'sBackground",118,66,,
15,1152478829962620930,"RT @Koimoi: PHOTOS: @deepikapadukone &amp; #RanbirKapoor spotted leaving #LuvRanjan‚Äôs office! Movie collab on the cards?

#BollywoodNews #Koimo‚Ä¶",1,0,Twitter for Android,2019-07-20 07:22:19,790079834189918208,aju_agranayak,Aju Agranayak,2016-10-23 06:38:06,"Ajinkya Agranayaküòé
Indian üáÆüá≥
7 OctüéÇ
Computer Science - Lab Instructorüíª
Computer Hardware‚öôÔ∏è
GSITüòä
Chicken Lover üòãüçó
I Love Myself ‚ù§Ô∏è",256,21,"Karwar, Karnataka",
16,1152478716431425536,Rumours resurface of #RanbirKapoor &amp; #DeepikaPadukone reuniting for #LuvRanjan's next: https://t.co/JiTLSOfdJa,3,6,Hootsuite Inc.,2019-07-20 07:21:52,44632954,BizAsia,BizAsia,2009-06-04 14:55:17,The Digital Hub for award winning Asian Media & Entertainment content round the clock.,34255,95,"Birmingham, England",
17,1152478407898218496,"@deepikapadukone clicked post meeting yesterday at director #luvranjan‚Äôs house

#DeepikaPadukone #Spotted #Deepika‚Ä¶ https://t.co/Tx0wTklaKb",0,4,Twitter for iPhone,2019-07-20 07:20:39,951075173884510208,dp1stday1stshow,üí•DP1stDay1stShowüí•,2018-01-10 12:56:06,A club of the First Fans of Deepika Padukone who watch the first day first show of each of her movies and show their love for her.,4977,25,"Mumbai, India",
18,1152478154243678208,RT @siddhanths7: But the above reasons are not enough to make @deepikapadukone do a movie with #LuvRanjan considering how she sternly oppos‚Ä¶,1,0,Twitter for Android,2019-07-20 07:19:38,1114385209280073728,DeepikaxDhiraj,‚ô° Piku ‚ô°,2019-04-06 04:31:52,i don't taste people with their mistakes...,107,275,"Ahmadabad City, India",
19,1152478142717661184,RT @siddhanths7: With a movie like #Chhapaak which is based on an acid attack survivor and a strong woman who fought all odds and difficult‚Ä¶,1,0,Twitter for Android,2019-07-20 07:19:35,1114385209280073728,DeepikaxDhiraj,‚ô° Piku ‚ô°,2019-04-06 04:31:52,i don't taste people with their mistakes...,107,275,"Ahmadabad City, India",
20,1152478108605272064,"RT @DeepikaHolics: @deepikapadukone and #ranbirkapoor snapped post meeting yesterday at director #luvranjan‚Äôs house 

#DeepikaPadukone #Spo‚Ä¶",1,0,Twitter for iPhone,2019-07-20 07:19:27,951075173884510208,dp1stday1stshow,üí•DP1stDay1stShowüí•,2018-01-10 12:56:06,A club of the First Fans of Deepika Padukone who watch the first day first show of each of her movies and show their love for her.,4977,25,"Mumbai, India",
21,1152477088789565443,With a movie like #Chhapaak which is based on an acid attack survivor and a strong woman who fought all odds and di‚Ä¶ https://t.co/NHC88feiJ8,1,3,Twitter for Android,2019-07-20 07:15:24,820176267769090049,siddhanths7,S I D D H A N T H,2017-01-14 07:50:35,"üáÆüá≥
21.
SRK Fan.",402,99,India,
22,1152477085459308544,But the above reasons are not enough to make @deepikapadukone do a movie with #LuvRanjan considering how she sternl‚Ä¶ https://t.co/SgMf8BAIyl,1,1,Twitter for Android,2019-07-20 07:15:23,820176267769090049,siddhanths7,S I D D H A N T H,2017-01-14 07:50:35,"üáÆüá≥
21.
SRK Fan.",402,99,India,
23,1152476297156673536,"RT @kamaalrkhan: Ranbir Kapoor became super star after #YeJawaniHaiDiwani, then he did some crap films to become Zero. Again he became supe‚Ä¶",34,0,Twitter for Android,2019-07-20 07:12:15,132778890,sumi_love,BEING HUMAN DAYY,2010-04-14 04:38:26,.. i am here bcoz.. of salman Khan.. i hav lots of dreams to fulfill,279,453,"Raigarh, chhattisgarh",
24,1152476129623601152,"RT @kamaalrkhan: Ranbir Kapoor became super star after #YeJawaniHaiDiwani, then he did some crap films to become Zero. Again he became supe‚Ä¶",34,0,Twitter for Android,2019-07-20 07:11:35,113555967,as_vicky2000,Harinder Dogra,2010-02-12 05:54:53,"Media/PR
corporate strategist 
Entrepreneur",160,151,New Delhi,
25,1152475912882966529,"RT @kamaalrkhan: Ranbir Kapoor became super star after #YeJawaniHaiDiwani, then he did some crap films to become Zero. Again he became supe‚Ä¶",34,0,Twitter for Android,2019-07-20 07:10:44,1152457890197716992,SinsJohnny6,Johnny Sins,2019-07-20 05:59:07,,2,0,,
26,1152470856238419968,"@deepikapadukone and Ranbir Kapoor being snapped together has us all pumped up and excited.

#deepikapadukone‚Ä¶ https://t.co/DabYtTNSPR",0,0,Twitter Web Client,2019-07-20 06:50:38,2164433982,Onlinetadka,Tadka Bollywood,2013-10-30 09:18:00,Its about entertainment where you will find exclusive pictures/Videos of B-town. You can catch us on Facebook by the name of Tadka Bollywood,5169,675,punjab,
27,1152469457257631744,RT @ItsSohailKhan: So @deepikapadukone is confirmed to star in #LuvRanjan's next project opposite Ranbir Kapoor. Don't forget who broke thi‚Ä¶,7,0,Twitter for Android,2019-07-20 06:45:05,3095358679,Aarav5278,Dipanshu,2015-03-18 06:30:45,Proud Indian waiting for my moment to achieve Nirvana. Full time Movie Buff and Love talking about and exploring Indian Cinema and Cricket.,280,32,"Bengaluru, India",
28,1152468966872248320,"RT @mygoodtimes: One of the most electrifying on-screen jodi to come together for another movie! 

#DeepikaPadukone
#RanbirKapoor
#LuvRanja‚Ä¶",3,0,Twitter for iPhone,2019-07-20 06:43:08,1412091312,SunitharStar,sunithar karki,2013-05-08 06:22:30,Don't fear failure so much that you refuse to try new things!,960,687,Thailand,
29,1152468948874452993,PHOTOS: @deepikapadukone &amp; #RanbirKapoor spotted leaving #LuvRanjan‚Äôs office! Movie collab on the cards?‚Ä¶ https://t.co/io68m8RPwf,1,24,Twitter Web App,2019-07-20 06:43:03,99928370,Koimoi,Koimoi.com,2009-12-28 11:35:59,"Masaledaar Bollywood News, Quick Reviews, & The One Stop Box Office Guru.
https://t.co/RZQhJ3SaP3
Follow:
Facebook- https://t.co/AakO6tfd3Q
Instagram - koimoi",212517,976,Bombay,
30,1152467984029343744,"RT @kamaalrkhan: Ranbir Kapoor became super star after #YeJawaniHaiDiwani, then he did some crap films to become Zero. Again he became supe‚Ä¶",34,0,Twitter Web App,2019-07-20 06:39:13,1009743198141288448,sweetest_sen,MeSweetSen,2018-06-21 10:21:53,"A doctor by profession, crazy for bollywood movies & cricket. Seriously believe on this quote- ""Live & Let Live""",198,93,,
31,1152467730840186880,@DeepikaHolics @deepikapadukone @deepikapadukone and #ranbirkapoor snapped post meeting yesterday at director‚Ä¶ https://t.co/ZSX63W0MKk,0,0,Twitter for Android,2019-07-20 06:38:13,848144227057979392,UteriyaVinay,Vinay Uteriya,2017-04-01 12:05:16,,489,254,"Rajkot, India",
32,1152467399142043650,"@deepikapadukone and #ranbirkapoor snapped post meeting yesterday at director #luvranjan‚Äôs house 

#DeepikaPadukone‚Ä¶ https://t.co/Bb47ae6tis",1,8,Twitter for iPhone,2019-07-20 06:36:54,787223666,DeepikaHolics,DeepikaHolicsüí´,2012-08-28 15:15:28,Your one stop for everything about the gorgeous Deepika Padukone!!! She follows us ‚ù§,174696,69,,
33,1152467155742384130,"RT @kamaalrkhan: Ranbir Kapoor became super star after #YeJawaniHaiDiwani, then he did some crap films to become Zero. Again he became supe‚Ä¶",34,0,Twitter Web App,2019-07-20 06:35:56,385353896,imharisansari,Haris Ansari (Harry),2011-10-05 10:43:42,"Mentor|Dreamer|Student|Engineer|Fan|Lover|Technology,Car & Bike Lover|Friend|Son|Grandson|Nephew|Brother|Proud Lucknowi & Indian üáÆüá≥",226,131,India,
34,1152461025091842048,"RT @mygoodtimes: One of the most electrifying on-screen jodi to come together for another movie! 

#DeepikaPadukone
#RanbirKapoor
#LuvRanja‚Ä¶",3,0,Twitter for Android,2019-07-20 06:11:34,2854327913,MayurZad,MayurZad,2014-11-01 05:43:41,"marketing student
Big fan of @deepikapadukone 
met her on 11/08/2017 , 8/01/2019
Met Ranveer on 3/12/2018
tech addict‚ù§
Mumbai kar üòò",362,109,"Mumbai, India",
35,1152459883326758912,"One of the most electrifying on-screen jodi to come together for another movie! 

#DeepikaPadukone
#RanbirKapoor‚Ä¶ https://t.co/OU099o3kLA",3,3,Twitter for Android,2019-07-20 06:07:02,38412590,mygoodtimes,GOODTIMES,2009-05-07 11:26:39,"India‚Äôs leading Lifestyle channel is now its youngest. #LiveYoung #LiveIndian & enjoy our cooler, edgier avataar",165364,269,India,
36,1152459301270638592,"RT @kamaalrkhan: Ranbir Kapoor became super star after #YeJawaniHaiDiwani, then he did some crap films to become Zero. Again he became supe‚Ä¶",34,0,Twitter for Android,2019-07-20 06:04:43,986529637810372608,ashishj03707937,Ashish Jain,2018-04-18 08:59:29,Film analyst and general analyser üñ§,17,449,India,
37,1152458778740027392,@deepikapadukone is Star in #LuvRanjan's Next Project Opposite #RanbirKapoor.,0,0,Twitter Web Client,2019-07-20 06:02:39,1054341576908914689,Bolly_New,BollyNEWS,2018-10-22 11:59:55,Bollywood Lover,84,103,"Dubai, United Arab Emirates",
38,1152458485142962176,"RT @kamaalrkhan: Ranbir Kapoor became super star after #YeJawaniHaiDiwani, then he did some crap films to become Zero. Again he became supe‚Ä¶",34,0,Twitter for iPhone,2019-07-20 06:01:29,614206367,gauravgandhok,Gau‚Çπave13,2012-06-21 10:41:20,,30,406,,
39,1152457527323496448,"RT @Spotboye: Looks like, rumours of @deepikapadukone starring in #RanbirKapoor and @ajaydevgn's action thriller will soon turn out to be t‚Ä¶",1,0,Twitter for Android,2019-07-20 05:57:40,848756534398132229,SDsalaskar,SIDsalaskar,2017-04-03 04:38:21,Music Entertainment Bollywood and Celebrities,82,543,Pune ,
40,1152457087424684033,"RT @kamaalrkhan: Ranbir Kapoor became super star after #YeJawaniHaiDiwani, then he did some crap films to become Zero. Again he became supe‚Ä¶",34,0,Twitter for Android,2019-07-20 05:55:55,1126689780727566336,sudhanwa03,Sudhanwa Vaid,2019-05-10 03:25:51,"Artist,Youtuber,Srkian",14,51,,
41,1152455787622481920,"RT @kamaalrkhan: Ranbir Kapoor became super star after #YeJawaniHaiDiwani, then he did some crap films to become Zero. Again he became supe‚Ä¶",34,0,Twitter for iPhone,2019-07-20 05:50:46,241849525,iNaveennesan,S.Naveen,2011-01-23 08:38:00,A Humane being.,218,157,Malaysia,
42,1152452858438021120,"#RanbirKapoor and #DeepikaPadukone spotted at #LuvRanjan‚Äôs house; Is a film on anvil?

#BollywoodBubble 

https://t.co/bwxpjtvPnl",1,7,Twitter Web App,2019-07-20 05:39:07,4015224843,bollybubble,Bollywood Bubble,2015-10-22 07:21:11,Bollywood Bubble - Your One Stop Destination For Latest Bollywood Updates.,110379,413,"Mumbai, Maharashtra",
43,1152451240841764864,RT @ItsSohailKhan: So @deepikapadukone is confirmed to star in #LuvRanjan's next project opposite Ranbir Kapoor. Don't forget who broke thi‚Ä¶,7,0,Twitter for Android,2019-07-20 05:32:41,1126372672084955136,hussainpaul27,Hussainpaul,2019-05-09 06:25:46,"https://t.co/D1Ixe69kzw

#TheLionKing in cinemas 19 July.
@iamsrk",52,1288,,
44,1152450728864051200,#RanbirKapoor- @deepikapadukone to work together in #LuvRanjan's next? This picture suggests so -‚Ä¶ https://t.co/zJM9PNtx3Z,0,6,Twitter Web Client,2019-07-20 05:30:39,90359547,DMmovies,Desimartini,2009-11-16 09:27:33,"With us around, you'll (almost) never watch a bad movie!  
Follow us on Instagram: https://t.co/KUHT6FUWkE  HT Media Group",51871,740,India,
45,1152449658775638016,"RT @kamaalrkhan: Ranbir Kapoor became super star after #YeJawaniHaiDiwani, then he did some crap films to become Zero. Again he became supe‚Ä¶",34,0,Twitter for iPhone,2019-07-20 05:26:24,888732302,realrakshit100,rakshit chopra,2012-10-18 12:40:55,,133,406,,
46,1152448616428032000,"RT @svvety: Loved  #DeDePyaarDe  .. its on #Hotstar .. do watch. Its light, not shallow. Its fun, not slapstick. Its written well, not dens‚Ä¶",11,0,Twitter for Android,2019-07-20 05:22:16,138781014,onenonlymahakal,Nirmal  Aj fan,2010-04-30 15:30:39,"movie n cricket maniac,shiv bhakt n believer",602,1804,"Indore, India",
47,1152447205690753024,#DeepikaPadukone is doing #MeToo accused #LuvRanjan film...where are #pseudofeminist @sonamohapatra any comments on it..??,0,1,Twitter for Android,2019-07-20 05:16:39,748182076940259328,beinggharshh,SpoiledBrat,2016-06-29 15:51:22,A True Blue Boy,74,91,Canada,
48,1152447145951166464,"RT @kamaalrkhan: 2nd Madhur Bhandarkar, sex film maker #LuvRanjan has made all his films on one single subject. Even his assistant made fil‚Ä¶",14,0,Twitter for Android,2019-07-20 05:16:25,1077067832926633984,Pallavs60429829,Pallavsharma,2018-12-24 05:05:57,,2,24,,
49,1152446397867626496,"RT @kamaalrkhan: Ranbir Kapoor became super star after #YeJawaniHaiDiwani, then he did some crap films to become Zero. Again he became supe‚Ä¶",34,0,Twitter for Android,2019-07-20 05:13:27,1077067832926633984,Pallavs60429829,Pallavsharma,2018-12-24 05:05:57,,2,24,,
50,1152445872820482048,RT @Satzym: #DeepikaPadukone doing #Chhapaak on the name of Women Empowerment and at the same time visiting  #LuvRanjan for his next with D‚Ä¶,1,0,Twitter for Android,2019-07-20 05:11:22,1100704820774821888,PCsFendi,Gaurav Singh,2019-02-27 10:30:54,PC stan account | Hrithik | Ariana | JLo,70,59,"Mumbai, India",
51,1152444320445636608,"RT @kamaalrkhan: Ranbir Kapoor became super star after #YeJawaniHaiDiwani, then he did some crap films to become Zero. Again he became supe‚Ä¶",34,0,Twitter Web App,2019-07-20 05:05:12,879049763743780864,dhruv_gunda,Dhruv,2017-06-25 18:52:50,"Haton ki hatane walaüí™
Akkianüòòüòò
Indianüòòüòò",163,77,"Kanpur, India",
52,1152444277185662976,So @deepikapadukone is confirmed to star in #LuvRanjan's next project opposite Ranbir Kapoor. Don't forget who brok‚Ä¶ https://t.co/1DH9JnKV6x,7,113,Twitter for Android,2019-07-20 05:05:01,2740549599,ItsSohailKhan,SOHAIL KHAN,2014-08-12 06:46:23,"Movie buff & Trade analyst.                                       
For work related query email me at Sohailreviews@yahoo.com",9677,101,India and UAE,
53,1152443689655889921,"RT @kamaalrkhan: 2nd Madhur Bhandarkar, sex film maker #LuvRanjan has made all his films on one single subject. Even his assistant made fil‚Ä¶",14,0,Twitter for iPhone,2019-07-20 05:02:41,441022915,ria_xoxo3,Ria,2011-12-19 17:19:39,"Philanthropist, part-time model, Bollywood fanatic, BIG foodie",404,95,,
54,1152443635637477377,"RT @kamaalrkhan: Ranbir Kapoor became super star after #YeJawaniHaiDiwani, then he did some crap films to become Zero. Again he became supe‚Ä¶",34,0,Twitter for iPhone,2019-07-20 05:02:28,441022915,ria_xoxo3,Ria,2011-12-19 17:19:39,"Philanthropist, part-time model, Bollywood fanatic, BIG foodie",404,95,,
55,1152443405156270081,"RT @kamaalrkhan: Ranbir Kapoor became super star after #YeJawaniHaiDiwani, then he did some crap films to become Zero. Again he became supe‚Ä¶",34,0,Twitter for Android,2019-07-20 05:01:33,4031444892,1vasukashyap,Vasu Kashyap,2015-10-27 04:05:27,"CFA(Certificate in financial accounting)
MAT(Master in account & taxation)
MFC(Marketing foundation course)
MBA IN (Business management)
2 b true, not perfect‚úç",254,137,"Maharashtra, India",
56,1152443173609734144,"Looks like, rumours of @deepikapadukone starring in #RanbirKapoor and @ajaydevgn's action thriller will soon turn o‚Ä¶ https://t.co/fdj50XmdP4",1,34,Twitter Web App,2019-07-20 05:00:38,2597554885,Spotboye,SpotboyE,2014-07-01 06:53:24,"Hungry for Bollywood news? SpotboyE is your go-to guy for Sab Kuch Bollywood! RTs & Likes not endorsements.
https://t.co/0KcoswYv70",521765,633,Mumbai,
57,1152442444996202496,"RT @kamaalrkhan: Ranbir Kapoor became super star after #YeJawaniHaiDiwani, then he did some crap films to become Zero. Again he became supe‚Ä¶",34,0,Twitter for Android,2019-07-20 04:57:44,790079834189918208,aju_agranayak,Aju Agranayak,2016-10-23 06:38:06,"Ajinkya Agranayaküòé
Indian üáÆüá≥
7 OctüéÇ
Computer Science - Lab Instructorüíª
Computer Hardware‚öôÔ∏è
GSITüòä
Chicken Lover üòãüçó
I Love Myself ‚ù§Ô∏è",256,21,"Karwar, Karnataka",
58,1152442290629033984,"RT @kamaalrkhan: 2nd Madhur Bhandarkar, sex film maker #LuvRanjan has made all his films on one single subject. Even his assistant made fil‚Ä¶",14,0,Twitter for Android,2019-07-20 04:57:08,790079834189918208,aju_agranayak,Aju Agranayak,2016-10-23 06:38:06,"Ajinkya Agranayaküòé
Indian üáÆüá≥
7 OctüéÇ
Computer Science - Lab Instructorüíª
Computer Hardware‚öôÔ∏è
GSITüòä
Chicken Lover üòãüçó
I Love Myself ‚ù§Ô∏è",256,21,"Karwar, Karnataka",
59,1152441851699322880,"RT @kamaalrkhan: 2nd Madhur Bhandarkar, sex film maker #LuvRanjan has made all his films on one single subject. Even his assistant made fil‚Ä¶",14,0,Twitter for Android,2019-07-20 04:55:23,4292601132,SalekeenA,salekeen ahmed,2015-11-19 18:44:40,Mufc Fan,246,900,,
60,1152441723529912320,"RT @kamaalrkhan: Ranbir Kapoor became super star after #YeJawaniHaiDiwani, then he did some crap films to become Zero. Again he became supe‚Ä¶",34,0,Twitter for iPhone,2019-07-20 04:54:52,3585402866,SahaAggarwal,Saha Aggarwal,2015-09-16 18:26:39,,17,44,,
61,1152441419073642497,#DeepikaPadukone doing #Chhapaak on the name of Women Empowerment and at the same time visiting  #LuvRanjan for his‚Ä¶ https://t.co/4c3sTiSjR1,1,11,Twitter for Android,2019-07-20 04:53:40,1464518502,Satzym,Satyam,2013-05-28 12:20:43,‚ô•Ô∏è Choomantar ‚ô•Ô∏è,683,463,"New Delhi, India",
62,1152440999630651392,"RT @kamaalrkhan: Ranbir Kapoor became super star after #YeJawaniHaiDiwani, then he did some crap films to become Zero. Again he became supe‚Ä¶",34,0,Twitter for Android,2019-07-20 04:52:00,4292601132,SalekeenA,salekeen ahmed,2015-11-19 18:44:40,Mufc Fan,246,900,,
63,1152440612207001601,#DeepikaPadukone and #RanbirKapoor visit #LuvRanjan's office for their next with #AjayDevgn? Seems so!‚Ä¶ https://t.co/9FE8xHDDO9,1,3,Peeping Moon,2019-07-20 04:50:27,845905071418204160,PeepingMoon,PeepingMoon,2017-03-26 07:47:40,"Peeping Moon is one stop destination for celeb crime news, juicy entertaining gossip, exclusive/breaking news and everyday TV updates.",4217,943,"Mumbai, India",
64,1152438740318429184,"RT @kamaalrkhan: 2nd Madhur Bhandarkar, sex film maker #LuvRanjan has made all his films on one single subject. Even his assistant made fil‚Ä¶",14,0,Twitter for Android,2019-07-20 04:43:01,3180299719,ShauvikSaha,Shauvik.Harry SRKFAN,2015-04-30 06:04:09,True SRKian from Birth..Love playing cricket And Watch Football in free time...Cool dude..with a delicate Romantic touch,1394,2869,"Patuli, West Bengal",
65,1152437624335818752,"RT @kamaalrkhan: Ranbir Kapoor became super star after #YeJawaniHaiDiwani, then he did some crap films to become Zero. Again he became supe‚Ä¶",34,0,Twitter for Android,2019-07-20 04:38:35,3180299719,ShauvikSaha,Shauvik.Harry SRKFAN,2015-04-30 06:04:09,True SRKian from Birth..Love playing cricket And Watch Football in free time...Cool dude..with a delicate Romantic touch,1394,2869,"Patuli, West Bengal",
66,1152437597404352513,"RT @kamaalrkhan: 2nd Madhur Bhandarkar, sex film maker #LuvRanjan has made all his films on one single subject. Even his assistant made fil‚Ä¶",14,0,Twitter for Android,2019-07-20 04:38:29,340918997,ImAmitSahani,ItsAMIT,2011-07-23 14:10:27,Being Rebel...,308,628,"bbsr,orissa,india",
67,1152437472950808576,"RT @kamaalrkhan: 2nd Madhur Bhandarkar, sex film maker #LuvRanjan has made all his films on one single subject. Even his assistant made fil‚Ä¶",14,0,Twitter for Android,2019-07-20 04:37:59,1103689004615122944,unapologeticRVS,unapologeticCOMRADEüëä,2019-03-07 16:08:59,welcome to the world üåç of Ranveer singh and Vijay Deverakonda üëäüíï,95,129,,
68,1152437363383177217,"RT @kamaalrkhan: Ranbir Kapoor became super star after #YeJawaniHaiDiwani, then he did some crap films to become Zero. Again he became supe‚Ä¶",34,0,Twitter for Android,2019-07-20 04:37:33,340918997,ImAmitSahani,ItsAMIT,2011-07-23 14:10:27,Being Rebel...,308,628,"bbsr,orissa,india",
69,1152436447225552896,"RT @kamaalrkhan: 2nd Madhur Bhandarkar, sex film maker #LuvRanjan has made all his films on one single subject. Even his assistant made fil‚Ä¶",14,0,Twitter Web App,2019-07-20 04:33:54,720214783186857985,kapildev83_83,Fake bollywood,2016-04-13 11:39:20,,167,59,,
70,1152436343768834049,Actor #RanbirKapoor and @deepikapadukone spotted at #LuvRanjan‚Äôs office https://t.co/BipLNidw5T,0,3,Buffer,2019-07-20 04:33:30,187965893,THEOFFICIALB4U,B4U,2010-09-07 16:09:30,B4U is foremost Asian channel to pioneer the Bollywood genre worldwide. Official Facebook page - https://t.co/cPR4ZFaY8u,16210,1216,worlwide,
71,1152436295282679808,"RT @kamaalrkhan: Ranbir Kapoor became super star after #YeJawaniHaiDiwani, then he did some crap films to become Zero. Again he became supe‚Ä¶",34,0,Twitter for Android,2019-07-20 04:33:18,855226376802230272,RRModi3,R R Modi,2017-04-21 01:07:12,Salman khan friend,75,585,,
72,1152434905898315776,"RT @kamaalrkhan: Ranbir Kapoor became super star after #YeJawaniHaiDiwani, then he did some crap films to become Zero. Again he became supe‚Ä¶",34,0,Twitter for Android,2019-07-20 04:27:47,906468442609377280,LeftarmOrthodox,Catfish Cutie,2017-09-09 10:44:52,,189,134,King's Landing,
73,1152434822217949184,"Ranbir Kapoor became super star after #YeJawaniHaiDiwani, then he did some crap films to become Zero. Again he beca‚Ä¶ https://t.co/tgjpI2cdC4",34,478,Twitter for iPhone,2019-07-20 04:27:27,115622213,kamaalrkhan,KRK,2010-02-19 09:21:39,"https://t.co/Ou8vSxk09c, https://t.co/7szr2X3Y9o, #Deshdrohi #EkVillain #BiggBoss3,",5235559,96,"Mumbai, India",
74,1152432165424181248,"RT @kamaalrkhan: 2nd Madhur Bhandarkar, sex film maker #LuvRanjan has made all his films on one single subject. Even his assistant made fil‚Ä¶",14,0,Twitter for iPhone,2019-07-20 04:16:54,1715202757,KRKBoxOffice,KRKBOXOFFICE,2013-08-31 09:27:01,"https://t.co/OrnPv1QnOq, https://t.co/mNWCyhxBVI Bollywood news, Reviews, Trade informations. KRKboxofficenews@gmail.com",102795,65,India. Mumbai.,
75,1152432009735823361,"2nd Madhur Bhandarkar, sex film maker #LuvRanjan has made all his films on one single subject. Even his assistant m‚Ä¶ https://t.co/DC9XJjm8jd",14,171,Twitter for iPhone,2019-07-20 04:16:16,115622213,kamaalrkhan,KRK,2010-02-19 09:21:39,"https://t.co/Ou8vSxk09c, https://t.co/7szr2X3Y9o, #Deshdrohi #EkVillain #BiggBoss3,",5235559,96,"Mumbai, India",
76,1152430915370405889,#Deepikapadukone &amp; #RanbirKapoor Spotted At Director #LuvRanjan Office #LastNight https://t.co/1tPfCbRM3D,0,1,Twitter Web Client,2019-07-20 04:11:56,1926687230,MoviezAdda,Moviez Adda,2013-10-02 12:12:33,MoviezAdda is the celebrated hub of our famous Bollywood Industry.,6043,405,"Mumbai, India",
77,1152429929297874944,"RT @dna: First Alia Bhatt, now Deepika Padukone: Ranbir Kapoor's visits to Luv Ranjan's house with them sparks buzz on female lead https://‚Ä¶",3,0,Twitter Web App,2019-07-20 04:08:00,843001413022113792,MDMUNIMHOSSAIN1,MRK,2017-03-18 07:29:33,,8,215,,
78,1152425393174933504,"RT @dna: First Alia Bhatt, now Deepika Padukone: Ranbir Kapoor's visits to Luv Ranjan's house with them sparks buzz on female lead https://‚Ä¶",3,0,Twitter for Android,2019-07-20 03:49:59,1144483675171459072,ShamsundarP2,Shamsundar P,2019-06-28 05:52:26,s,18,253,,
79,1152414511619592192,"RT @dna: First Alia Bhatt, now Deepika Padukone: Ranbir Kapoor's visits to Luv Ranjan's house with them sparks buzz on female lead https://‚Ä¶",3,0,Twitter for Android,2019-07-20 03:06:45,1128701077329731584,RoshwalKumar,Pradeep Kumar Roshwal,2019-05-15 16:38:01,I love my India,47,89,,
80,1152413929550667776,"First Alia Bhatt, now Deepika Padukone: Ranbir Kapoor's visits to Luv Ranjan's house with them sparks buzz on femal‚Ä¶ https://t.co/BPlZUX0Dig",3,16,Twitter Web App,2019-07-20 03:04:26,17710740,dna,DNA,2008-11-28 15:39:38,"Follow us for news, photos, videos and the latest trends from India and around the world. http://t.co/IZXefx3rSt",2017931,367,India,
81,1152404562147446789,"RT @etimes: Photos: #RanbirKapoor and @deepikapadukone at #LuvRanjan residence

https://t.co/rImPkS9eH2",1,0,Twitter for Android,2019-07-20 02:27:12,876508982680186880,aabed_nawal,nawal aabed Allah,2017-06-18 18:36:40,"SRK die hard loyal fanüíû
The trees are die standing ..üåπ
King Khan said :do not explain your self to any one..! üôèüèª",1318,2043,Mannat,
82,1152375065318703107,"Photos: #RanbirKapoor and @deepikapadukone at #LuvRanjan residence

https://t.co/rImPkS9eH2",1,19,TweetDeck,2019-07-20 00:30:00,30857481,etimes,ETimes,2009-04-13 12:44:08,"Latest news,videos,photos,reviews from the world of Bollywood, Regional(Tamil,Telugu,Malayalam,Kannada,Bengali,Bhojpuri,Marathi,Punjabi,Gujarati) & Hollywood",570444,151,,
83,1151466262335119360,"RT @svvety: Loved  #DeDePyaarDe  .. its on #Hotstar .. do watch. Its light, not shallow. Its fun, not slapstick. Its written well, not dens‚Ä¶",11,0,Twitter for Android,2019-07-17 12:18:44,4054671275,Pratik_ADFan,PRATIK,2015-10-27 16:52:19,"@ajaydevgn

‚ñ™Ô∏è#DeDePyaarDe‚ñ™Ô∏è#Taanaji‚ñ™Ô∏è

  
(Old Acc üëâ @OnlyAjfan üëà üê¶ Twitter ne uda diya..)",542,35,,
84,1151427344843845634,"RT @svvety: Loved  #DeDePyaarDe  .. its on #Hotstar .. do watch. Its light, not shallow. Its fun, not slapstick. Its written well, not dens‚Ä¶",11,0,Twitter for Android,2019-07-17 09:44:06,778602641169457152,AhmedBu11203901,Ahmed Butt,2016-09-21 14:31:50,,59,188,"Mianwali, Pakistan",
85,1151408705788772352,"RT @svvety: Loved  #DeDePyaarDe  .. its on #Hotstar .. do watch. Its light, not shallow. Its fun, not slapstick. Its written well, not dens‚Ä¶",11,0,Twitter for Android,2019-07-17 08:30:02,3220508191,imbjpradhan26,Shield,2015-05-19 15:06:01,"Proud IndianüáÆüá≥üáÆüá≥. Sports lover. Movie lover .Part time Cricketer.
Workout - Eat- Sleep and repeat.
Fitness Adviser. EagerlyWaiting for TANHAJI",278,210,India,
86,1151372257471553536,"RT @svvety: Loved  #DeDePyaarDe  .. its on #Hotstar .. do watch. Its light, not shallow. Its fun, not slapstick. Its written well, not dens‚Ä¶",11,0,Twitter for Android,2019-07-17 06:05:12,1132202480287117312,ShribashA,ShribashAcharjee,2019-05-25 08:31:21,"I AM DIE HARD FAN OF AJAY DEVGN SIR
‚ù§ YOU SIR",18,8,"Assam, India",
87,1151368412750200832,"RT @svvety: Loved  #DeDePyaarDe  .. its on #Hotstar .. do watch. Its light, not shallow. Its fun, not slapstick. Its written well, not dens‚Ä¶",11,0,Twitter for Android,2019-07-17 05:49:55,3322590888,ajaydevgncg,AJAY DEVGN FC Chhattisgarh üáÆüá≥ @ajaydevgn,2015-08-21 18:36:35,"#Chhattisgarh FC Of Most Respected Actor @ajaydevgn  #2timesnationalawardwinner  #PadmaShriAwardee 
Nxt Release üëá
@tanhajithefilm #Bhuj #Chanakya",18954,980,"Chhattisgarh, India",
88,1151186051853164544,"RT @svvety: Loved  #DeDePyaarDe  .. its on #Hotstar .. do watch. Its light, not shallow. Its fun, not slapstick. Its written well, not dens‚Ä¶",11,0,Twitter for Android,2019-07-16 17:45:17,402117759,A_Jay_FanNepal,ADFnepal,2011-10-31 15:40:10,Movie Lovers - @ajayDevgn -  #DDPD  #Tanhaji #bhuj #RRR,4984,555,"kathmandu, Nepal",
89,1151180075846344704,"Loved  #DeDePyaarDe  .. its on #Hotstar .. do watch. Its light, not shallow. Its fun, not slapstick. Its written we‚Ä¶ https://t.co/L3CyY1NkBG",11,47,Twitter for iPhone,2019-07-16 17:21:32,45738720,svvety,svetleena,2009-06-09 02:16:05,,341,294,,
